{
  "incumbent_ids": [
    63
  ],
  "rejected_config_ids": [
    2,
    3,
    4,
    5,
    6,
    7,
    8,
    9,
    10,
    11,
    12,
    13,
    14,
    15,
    16,
    17,
    18,
    19,
    20,
    21,
    22,
    23,
    24,
    25,
    26,
    27,
    28,
    29,
    30,
    31,
    32,
    33,
    34,
    35,
    36,
    37,
    38,
    39,
    40,
    41,
    42,
    43,
    44,
    45,
    46,
    47,
    48,
    49,
    50,
    51,
    52,
    53,
    54,
    55,
    56,
    57,
    58,
    1,
    60,
    61,
    62,
    59,
    64,
    65,
    66,
    67,
    68,
    69,
    70,
    71,
    72,
    73,
    74,
    75,
    76,
    77,
    78,
    79,
    80,
    81,
    82,
    83,
    84
  ],
  "incumbents_changed": 3,
  "trajectory": [
    {
      "config_ids": [
        1
      ],
      "costs": [
        0.021292192862617042
      ],
      "trial": 1,
      "walltime": 0.19784808158874512
    },
    {
      "config_ids": [
        59
      ],
      "costs": [
        0.015483161956414204
      ],
      "trial": 96,
      "walltime": 266.808984041214
    },
    {
      "config_ids": [
        63
      ],
      "costs": [
        0.014474647202615397
      ],
      "trial": 129,
      "walltime": 471.53516602516174
    }
  ],
  "state": {
    "queue": [
      [
        84,
        1
      ]
    ]
  }
}